MIN,MAX,AM,MED,SUM,STD,VAR,SKW,KURT,SE,LEE
0.0019976028765481,9.986016779864162,4.994007191370354,4.994007191370355,24965.0419496604,2.8830030527150754,8.311706601964444,9.721248098954036e-16,-1.2000000960384158,16.170295142161997,-8.085147571080999
,,,,,,,,,,
,,,,,,,,,,
,,,,,,,,,,
,,,,,,,,,,
,,,,,,,,,,
,,,,,,,,,,
,,,,,,,,,,
,,,,,,,,,,
,,,,,,,,,,
